agu_gra@gmail.com;Águeda;Gracia;Agu_Gra57
cay_arr@gmail.com;Cayetana;Arranz;Cay_Arr65
glo_san@gmail.com;Gloria;Sanmartín Lumbreras;Glo_San43
ped_lop@gmail.com;Pedro;Lopez Arrieta;Ped_Lop15
bue_seg@gmail.com;Buenaventura;Segura Baró;Bue_Seg73
gra_peñ@gmail.com;Graciela;Peña Martínez;Gra_Peñ68
elo_oli@gmail.com;Eloísa;Olivé Moliner;Elo_Oli44
bue_gir@gmail.com;Buenaventura;Girón;Bue_Gir54
mar_bar@gmail.com;María;Barrios Carrillo;Mar_Bar48
raf_nog@gmail.com;Rafael;Nogueira Amigó;Raf_Nog48
leo_car@gmail.com;Leocadio;Carrera;Leo_Car61
flo_sai@gmail.com;Florinda;Sainz Barco;Flo_Sai28
max_car@gmail.com;Máximo;Carmona Arenas;Max_Car32
ade_sil@gmail.com;Adelia;Silva-Calleja;Ade_Sil92
alb_cam@gmail.com;Alba;Campoy Cuevas;Alb_Cam42
flo_dia@gmail.com;Flora;Diaz;Flo_Dia26
ang_san@gmail.com;Ángel;Sandoval Aranda;Ang_San97
car_alc@gmail.com;Carmelita;Alcántara Mendoza;Car_Alc1
cor_agu@gmail.com;Corona;Aguilar-Aguilar;Cor_Agu58
can_zab@gmail.com;Cándida;Zabaleta Uría;Can_Zab32
hum_ver@gmail.com;Humberto;Verdejo-Casado;Hum_Ver31
sam_fab@gmail.com;Samu;Fabra Tirado;Sam_Fab28
nes_muñ@gmail.com;Néstor;Muñoz Anguita;Nes_Muñ13
ful_com@gmail.com;Fulgencio;Comas Hernández;Ful_Com20
mar_jes@gmail.com;María;Jesús Carrión Olmedo;Mar_Jes37
gui_gue@gmail.com;Guillermo;Guerrero-Diaz;Gui_Gue8
rob_alb@gmail.com;Roberta;Alba Porras;Rob_Alb89
fel_mat@gmail.com;Felix;Mateo Diego Escalona;Fel_Mat74
val_gal@gmail.com;Valerio;Gálvez;Val_Gal50
max_bau@gmail.com;Maxi;Bauzà Castañeda;Max_Bau42
luc_muñ@gmail.com;Lucía;Muñoz Rivera;Luc_Muñ76
ser_arj@gmail.com;Sergio;Arjona;Ser_Arj58
tri_reb@gmail.com;Tristán;Rebollo Borrell;Tri_Reb80
mar_die@gmail.com;Mario;Diéguez Amor;Mar_Die44
pie_san@gmail.com;Piedad;Sandoval Cabo;Pie_San66
pac_tam@gmail.com;Pacífica;Tamarit Palacios;Pac_Tam19
amo_azn@gmail.com;Amor;Aznar;Amo_Azn18
ale_bur@gmail.com;Alejandro;Burgos Palomino;Ale_Bur22
ami_ara@gmail.com;Amílcar;Arana Noguera;Ami_Ara84
rau_oma@gmail.com;Raúl;Omar Poza Ramón;Rau_Oma5
elo_pas@gmail.com;Elodia;Pascual-Luna;Elo_Pas82
nat_gui@gmail.com;Natividad;Guitart Flor;Nat_Gui37
pab_osu@gmail.com;Pablo;Osuna Cuéllar;Pab_Osu84
ari_cos@gmail.com;Ariel;Costa Amorós;Ari_Cos24
ade_neb@gmail.com;Adelardo;Nebot Valencia;Ade_Neb81
raf_sal@gmail.com;Rafa;Salamanca Abad;Raf_Sal23
jen_abe@gmail.com;Jenaro;Abella Cervera;Jen_Abe96
for_mar@gmail.com;Fortunato;Martorell;For_Mar82
sev_men@gmail.com;Severiano;Mendoza Pozo;Sev_Men38
sar_jor@gmail.com;Sara;Jordana Lerma Tejada;Sar_Jor48
